Workbook

Sheet Cover - Read Me
A1: Monthly Transportation Charge Collection Automation
A4: PUBLIC PORTFOLIO DEMONSTRATION — ALL DATA IS FICTIONAL
A7: Portfolio demo using fictional data only.
A11: Workflow & Efficiency Impact
A12: Admin Input collects responses and Finance Monthly Output updates automatically. Once established, a new monthly file takes about 5 minutes to set up, typically requires one reminder, and can often be reviewed and returned to Finance in under 5 minutes, depending on data quality and corrections.
A15: Workbook Map
A16: Admin Dashboard - campaign status and follow-up lists Admin Input - enter responses Finance Monthly Output - linked finance-ready records Master Contacts - fictional contact directory
A20: How to Test
A21: 1. Enter a department or allocation code in a blue-font Admin Input cell. 2. Confirm the linked Finance Monthly Output row updates. 3. Check the refreshed dashboard metrics.
A25: Automation Features
A26: • One recipient may have multiple records. • Status is Complete only when all records are complete. • Contact and follow-up lists update automatically. • Alerts flag missing information.
A30: Color Guide
A31: Blue = input | Green = linked data | Black = formula | Gray = sample data | Orange/red = review

Sheet Admin Dashboard
A1: Admin Dashboard — Monthly Transportation Charge Campaign
A3: Live dashboard for the added administrative layer; all records are fictional sample data.
A5: Total Recipients | C5: Complete Recipients | E5: Pending Recipients | G5: Missing Emails
A6: =COUNTA(A15:A26) -> 12 | C6: =COUNTIF(E15:E26,"Complete") -> 8 | E6: =COUNTIF(E15:E26,"Pending") -> 4 | G6: =COUNTIF(F15:F26,"Missing") -> 1
A9: Initial Recipient List | E9: Follow-Up List — Pending Only
A10: =G15&IF(G16<>"","; "&G16,"")&IF(G17<>"","; "&G17,"")&IF(G18<>"","; "&G18,"")&IF(G19<>"","; "&G19,"")&IF(G20<>"","; "&G20,"")&IF(G21<>"","; "&G21,"")&IF(G22<>"","; "&G22,"")&IF(G23<>"","; "&G23,"")&IF(G24<>"","; "&G24,"")&IF(G25<>"","; "&G25,"")&IF(G26<>"","; "&G26,"") -> avery.stone@example.com; casey.rowan@example.com; taylor.quinn@example.com; riley.chen@example.com; marlowe.ellis@example.com; parker.lane@example.com; jamie.brooks@example.com; cameron.reed@example.com; drew.bennett@example.com; skyler.hayes@example.com; reese.nolan@example.com | E10: =H15&IF(H16<>"","; "&H16,"")&IF(H17<>"","; "&H17,"")&IF(H18<>"","; "&H18,"")&IF(H19<>"","; "&H19,"")&IF(H20<>"","; "&H20,"")&IF(H21<>"","; "&H21,"")&IF(H22<>"","; "&H22,"")&IF(H23<>"","; "&H23,"")&IF(H24<>"","; "&H24,"")&IF(H25<>"","; "&H25,"")&IF(H26<>"","; "&H26,"") -> ; marlowe.ellis@example.com; cameron.reed@example.com; reese.nolan@example.com
A14: Recipient Name | B14: Email Address | C14: Source Rows | D14: Completed Rows | E14: Recipient Status | F14: Email Check | G14: Initial Email | H14: Pending Email | J14: Status | K14: Recipients
A15: ='Master Contacts'!B6 -> Avery Stone | B15: =IFERROR(INDEX('Master Contacts'!$C$6:$C$17,MATCH(A15,'Master Contacts'!$B$6:$B$17,0)),"") -> avery.stone@example.com | C15: =COUNTIF('Admin Input'!$C$6:$C$25,A15) -> 2 | D15: =COUNTIFS('Admin Input'!$C$6:$C$25,A15,'Admin Input'!$G$6:$G$25,"Complete") -> 2 | E15: =IF(C15=0,"No Records",IF(D15=C15,"Complete","Pending")) -> Complete | F15: =IF(B15="","Missing","OK") -> OK | G15: =IF(F15="OK",B15,"") -> avery.stone@example.com | H15: =IF(AND(E15="Pending",F15="OK"),B15,"") | J15: Complete | K15: =C6 -> 8
A16: ='Master Contacts'!B7 -> Jordan Vale | B16: =IFERROR(INDEX('Master Contacts'!$C$6:$C$17,MATCH(A16,'Master Contacts'!$B$6:$B$17,0))&"","") | C16: =COUNTIF('Admin Input'!$C$6:$C$25,A16) -> 1 | D16: =COUNTIFS('Admin Input'!$C$6:$C$25,A16,'Admin Input'!$G$6:$G$25,"Complete") -> 0 | E16: =IF(C16=0,"No Records",IF(D16=C16,"Complete","Pending")) -> Pending | F16: =IF(B16="","Missing","OK") -> Missing | G16: =IF(F16="OK",B16,"") | H16: =IF(AND(E16="Pending",F16="OK"),B16,"") | J16: Pending | K16: =E6 -> 4
A17: ='Master Contacts'!B8 -> Casey Rowan | B17: =IFERROR(INDEX('Master Contacts'!$C$6:$C$17,MATCH(A17,'Master Contacts'!$B$6:$B$17,0)),"") -> casey.rowan@example.com | C17: =COUNTIF('Admin Input'!$C$6:$C$25,A17) -> 2 | D17: =COUNTIFS('Admin Input'!$C$6:$C$25,A17,'Admin Input'!$G$6:$G$25,"Complete") -> 2 | E17: =IF(C17=0,"No Records",IF(D17=C17,"Complete","Pending")) -> Complete | F17: =IF(B17="","Missing","OK") -> OK | G17: =IF(F17="OK",B17,"") -> casey.rowan@example.com | H17: =IF(AND(E17="Pending",F17="OK"),B17,"")
A18: ='Master Contacts'!B9 -> Taylor Quinn | B18: =IFERROR(INDEX('Master Contacts'!$C$6:$C$17,MATCH(A18,'Master Contacts'!$B$6:$B$17,0)),"") -> taylor.quinn@example.com | C18: =COUNTIF('Admin Input'!$C$6:$C$25,A18) -> 2 | D18: =COUNTIFS('Admin Input'!$C$6:$C$25,A18,'Admin Input'!$G$6:$G$25,"Complete") -> 2 | E18: =IF(C18=0,"No Records",IF(D18=C18,"Complete","Pending")) -> Complete | F18: =IF(B18="","Missing","OK") -> OK | G18: =IF(F18="OK",B18,"") -> taylor.quinn@example.com | H18: =IF(AND(E18="Pending",F18="OK"),B18,"") | J18: Admin Workflow
A19: ='Master Contacts'!B10 -> Riley Chen | B19: =IFERROR(INDEX('Master Contacts'!$C$6:$C$17,MATCH(A19,'Master Contacts'!$B$6:$B$17,0)),"") -> riley.chen@example.com | C19: =COUNTIF('Admin Input'!$C$6:$C$25,A19) -> 1 | D19: =COUNTIFS('Admin Input'!$C$6:$C$25,A19,'Admin Input'!$G$6:$G$25,"Complete") -> 1 | E19: =IF(C19=0,"No Records",IF(D19=C19,"Complete","Pending")) -> Complete | F19: =IF(B19="","Missing","OK") -> OK | G19: =IF(F19="OK",B19,"") -> riley.chen@example.com | H19: =IF(AND(E19="Pending",F19="OK"),B19,"") | J19: 1. Review completed and pending counts.
A20: ='Master Contacts'!B11 -> Marlowe Ellis | B20: =IFERROR(INDEX('Master Contacts'!$C$6:$C$17,MATCH(A20,'Master Contacts'!$B$6:$B$17,0)),"") -> marlowe.ellis@example.com | C20: =COUNTIF('Admin Input'!$C$6:$C$25,A20) -> 2 | D20: =COUNTIFS('Admin Input'!$C$6:$C$25,A20,'Admin Input'!$G$6:$G$25,"Complete") -> 0 | E20: =IF(C20=0,"No Records",IF(D20=C20,"Complete","Pending")) -> Pending | F20: =IF(B20="","Missing","OK") -> OK | G20: =IF(F20="OK",B20,"") -> marlowe.ellis@example.com | H20: =IF(AND(E20="Pending",F20="OK"),B20,"") -> marlowe.ellis@example.com | J20: 2. Resolve any missing fictional contact emails.
A21: ='Master Contacts'!B12 -> Parker Lane | B21: =IFERROR(INDEX('Master Contacts'!$C$6:$C$17,MATCH(A21,'Master Contacts'!$B$6:$B$17,0)),"") -> parker.lane@example.com | C21: =COUNTIF('Admin Input'!$C$6:$C$25,A21) -> 2 | D21: =COUNTIFS('Admin Input'!$C$6:$C$25,A21,'Admin Input'!$G$6:$G$25,"Complete") -> 2 | E21: =IF(C21=0,"No Records",IF(D21=C21,"Complete","Pending")) -> Complete | F21: =IF(B21="","Missing","OK") -> OK | G21: =IF(F21="OK",B21,"") -> parker.lane@example.com | H21: =IF(AND(E21="Pending",F21="OK"),B21,"") | J21: 3. Copy the initial list for the first request.
A22: ='Master Contacts'!B13 -> Jamie Brooks | B22: =IFERROR(INDEX('Master Contacts'!$C$6:$C$17,MATCH(A22,'Master Contacts'!$B$6:$B$17,0)),"") -> jamie.brooks@example.com | C22: =COUNTIF('Admin Input'!$C$6:$C$25,A22) -> 2 | D22: =COUNTIFS('Admin Input'!$C$6:$C$25,A22,'Admin Input'!$G$6:$G$25,"Complete") -> 2 | E22: =IF(C22=0,"No Records",IF(D22=C22,"Complete","Pending")) -> Complete | F22: =IF(B22="","Missing","OK") -> OK | G22: =IF(F22="OK",B22,"") -> jamie.brooks@example.com | H22: =IF(AND(E22="Pending",F22="OK"),B22,"") | J22: 4. Copy the follow-up list for reminders.
A23: ='Master Contacts'!B14 -> Cameron Reed | B23: =IFERROR(INDEX('Master Contacts'!$C$6:$C$17,MATCH(A23,'Master Contacts'!$B$6:$B$17,0)),"") -> cameron.reed@example.com | C23: =COUNTIF('Admin Input'!$C$6:$C$25,A23) -> 1 | D23: =COUNTIFS('Admin Input'!$C$6:$C$25,A23,'Admin Input'!$G$6:$G$25,"Complete") -> 0 | E23: =IF(C23=0,"No Records",IF(D23=C23,"Complete","Pending")) -> Pending | F23: =IF(B23="","Missing","OK") -> OK | G23: =IF(F23="OK",B23,"") -> cameron.reed@example.com | H23: =IF(AND(E23="Pending",F23="OK"),B23,"") -> cameron.reed@example.com | J23: 5. Enter responses in Admin Input.
A24: ='Master Contacts'!B15 -> Drew Bennett | B24: =IFERROR(INDEX('Master Contacts'!$C$6:$C$17,MATCH(A24,'Master Contacts'!$B$6:$B$17,0)),"") -> drew.bennett@example.com | C24: =COUNTIF('Admin Input'!$C$6:$C$25,A24) -> 2 | D24: =COUNTIFS('Admin Input'!$C$6:$C$25,A24,'Admin Input'!$G$6:$G$25,"Complete") -> 2 | E24: =IF(C24=0,"No Records",IF(D24=C24,"Complete","Pending")) -> Complete | F24: =IF(B24="","Missing","OK") -> OK | G24: =IF(F24="OK",B24,"") -> drew.bennett@example.com | H24: =IF(AND(E24="Pending",F24="OK"),B24,"") | J24: 6. Verify Finance Monthly Output, then sort by Original Order if needed.
A25: ='Master Contacts'!B16 -> Skyler Hayes | B25: =IFERROR(INDEX('Master Contacts'!$C$6:$C$17,MATCH(A25,'Master Contacts'!$B$6:$B$17,0)),"") -> skyler.hayes@example.com | C25: =COUNTIF('Admin Input'!$C$6:$C$25,A25) -> 1 | D25: =COUNTIFS('Admin Input'!$C$6:$C$25,A25,'Admin Input'!$G$6:$G$25,"Complete") -> 1 | E25: =IF(C25=0,"No Records",IF(D25=C25,"Complete","Pending")) -> Complete | F25: =IF(B25="","Missing","OK") -> OK | G25: =IF(F25="OK",B25,"") -> skyler.hayes@example.com | H25: =IF(AND(E25="Pending",F25="OK"),B25,"") | J25: Workflow Preservation
A26: ='Master Contacts'!B17 -> Reese Nolan | B26: =IFERROR(INDEX('Master Contacts'!$C$6:$C$17,MATCH(A26,'Master Contacts'!$B$6:$B$17,0)),"") -> reese.nolan@example.com | C26: =COUNTIF('Admin Input'!$C$6:$C$25,A26) -> 2 | D26: =COUNTIFS('Admin Input'!$C$6:$C$25,A26,'Admin Input'!$G$6:$G$25,"Complete") -> 0 | E26: =IF(C26=0,"No Records",IF(D26=C26,"Complete","Pending")) -> Pending | F26: =IF(B26="","Missing","OK") -> OK | G26: =IF(F26="OK",B26,"") -> reese.nolan@example.com | H26: =IF(AND(E26="Pending",F26="OK"),B26,"") -> reese.nolan@example.com | J26: Admin Input is the added automation layer. Finance Monthly Output keeps a stable structure and receives linked updates automatically, allowing the finance owner to continue the familiar monthly process.

Sheet Admin Input
A1: Admin Input — Fictional Monthly Transportation Campaign
A3: Blue-font cells are the administrative input layer. Enter either a Home Department or Cost Allocation Code; the protected-format Finance Monthly Output updates automatically.
A5: Original Order | B5: Recipient ID | C5: Recipient Name | D5: Service Date | E5: Home Department | F5: Cost Allocation Code | G5: Response Status | H5: Validation | I5: Notes
A6: 1 | B6: P-001 | C6: Avery Stone | D6: 46237 | E6: Operations | G6: =IF(OR(E6<>"",F6<>""),"Complete","Pending") -> Complete | H6: =IF(AND(E6<>"",F6<>""),"Review: both entered",IF(OR(E6<>"",F6<>""),"OK","Awaiting response")) -> OK
A7: 2 | B7: P-001 | C7: Avery Stone | D7: 46251 | E7: Operations | G7: =IF(OR(E7<>"",F7<>""),"Complete","Pending") -> Complete | H7: =IF(AND(E7<>"",F7<>""),"Review: both entered",IF(OR(E7<>"",F7<>""),"OK","Awaiting response")) -> OK
A8: 3 | B8: P-002 | C8: Jordan Vale | D8: 46238 | G8: =IF(OR(E8<>"",F8<>""),"Complete","Pending") -> Pending | H8: =IF(AND(E8<>"",F8<>""),"Review: both entered",IF(OR(E8<>"",F8<>""),"OK","Awaiting response")) -> Awaiting response
A9: 4 | B9: P-003 | C9: Casey Rowan | D9: 46239 | F9: ALLOC-FIN-204 | G9: =IF(OR(E9<>"",F9<>""),"Complete","Pending") -> Complete | H9: =IF(AND(E9<>"",F9<>""),"Review: both entered",IF(OR(E9<>"",F9<>""),"OK","Awaiting response")) -> OK
A10: 5 | B10: P-004 | C10: Taylor Quinn | D10: 46240 | F10: ALLOC-ENG-315 | G10: =IF(OR(E10<>"",F10<>""),"Complete","Pending") -> Complete | H10: =IF(AND(E10<>"",F10<>""),"Review: both entered",IF(OR(E10<>"",F10<>""),"OK","Awaiting response")) -> OK
A11: 6 | B11: P-004 | C11: Taylor Quinn | D11: 46254 | F11: ALLOC-ENG-315 | G11: =IF(OR(E11<>"",F11<>""),"Complete","Pending") -> Complete | H11: =IF(AND(E11<>"",F11<>""),"Review: both entered",IF(OR(E11<>"",F11<>""),"OK","Awaiting response")) -> OK
A12: 7 | B12: P-005 | C12: Riley Chen | D12: 46241 | E12: Product | G12: =IF(OR(E12<>"",F12<>""),"Complete","Pending") -> Complete | H12: =IF(AND(E12<>"",F12<>""),"Review: both entered",IF(OR(E12<>"",F12<>""),"OK","Awaiting response")) -> OK
A13: 8 | B13: P-006 | C13: Marlowe Ellis | D13: 46244 | G13: =IF(OR(E13<>"",F13<>""),"Complete","Pending") -> Pending | H13: =IF(AND(E13<>"",F13<>""),"Review: both entered",IF(OR(E13<>"",F13<>""),"OK","Awaiting response")) -> Awaiting response
A14: 9 | B14: P-006 | C14: Marlowe Ellis | D14: 46258 | G14: =IF(OR(E14<>"",F14<>""),"Complete","Pending") -> Pending | H14: =IF(AND(E14<>"",F14<>""),"Review: both entered",IF(OR(E14<>"",F14<>""),"OK","Awaiting response")) -> Awaiting response
A15: 10 | B15: P-007 | C15: Parker Lane | D15: 46245 | F15: ALLOC-RND-442 | G15: =IF(OR(E15<>"",F15<>""),"Complete","Pending") -> Complete | H15: =IF(AND(E15<>"",F15<>""),"Review: both entered",IF(OR(E15<>"",F15<>""),"OK","Awaiting response")) -> OK
A16: 11 | B16: P-008 | C16: Jamie Brooks | D16: 46246 | E16: Engineering | G16: =IF(OR(E16<>"",F16<>""),"Complete","Pending") -> Complete | H16: =IF(AND(E16<>"",F16<>""),"Review: both entered",IF(OR(E16<>"",F16<>""),"OK","Awaiting response")) -> OK
A17: 12 | B17: P-008 | C17: Jamie Brooks | D17: 46260 | E17: Engineering | G17: =IF(OR(E17<>"",F17<>""),"Complete","Pending") -> Complete | H17: =IF(AND(E17<>"",F17<>""),"Review: both entered",IF(OR(E17<>"",F17<>""),"OK","Awaiting response")) -> OK
A18: 13 | B18: P-009 | C18: Cameron Reed | D18: 46247 | G18: =IF(OR(E18<>"",F18<>""),"Complete","Pending") -> Pending | H18: =IF(AND(E18<>"",F18<>""),"Review: both entered",IF(OR(E18<>"",F18<>""),"OK","Awaiting response")) -> Awaiting response
A19: 14 | B19: P-010 | C19: Drew Bennett | D19: 46248 | F19: ALLOC-FIN-218 | G19: =IF(OR(E19<>"",F19<>""),"Complete","Pending") -> Complete | H19: =IF(AND(E19<>"",F19<>""),"Review: both entered",IF(OR(E19<>"",F19<>""),"OK","Awaiting response")) -> OK
A20: 15 | B20: P-010 | C20: Drew Bennett | D20: 46262 | F20: ALLOC-FIN-218 | G20: =IF(OR(E20<>"",F20<>""),"Complete","Pending") -> Complete | H20: =IF(AND(E20<>"",F20<>""),"Review: both entered",IF(OR(E20<>"",F20<>""),"OK","Awaiting response")) -> OK
A21: 16 | B21: P-011 | C21: Skyler Hayes | D21: 46252 | E21: Product | G21: =IF(OR(E21<>"",F21<>""),"Complete","Pending") -> Complete | H21: =IF(AND(E21<>"",F21<>""),"Review: both entered",IF(OR(E21<>"",F21<>""),"OK","Awaiting response")) -> OK
A22: 17 | B22: P-012 | C22: Reese Nolan | D22: 46253 | G22: =IF(OR(E22<>"",F22<>""),"Complete","Pending") -> Pending | H22: =IF(AND(E22<>"",F22<>""),"Review: both entered",IF(OR(E22<>"",F22<>""),"OK","Awaiting response")) -> Awaiting response
A23: 18 | B23: P-012 | C23: Reese Nolan | D23: 46255 | G23: =IF(OR(E23<>"",F23<>""),"Complete","Pending") -> Pending | H23: =IF(AND(E23<>"",F23<>""),"Review: both entered",IF(OR(E23<>"",F23<>""),"OK","Awaiting response")) -> Awaiting response
A24: 19 | B24: P-003 | C24: Casey Rowan | D24: 46259 | F24: ALLOC-FIN-204 | G24: =IF(OR(E24<>"",F24<>""),"Complete","Pending") -> Complete | H24: =IF(AND(E24<>"",F24<>""),"Review: both entered",IF(OR(E24<>"",F24<>""),"OK","Awaiting response")) -> OK
A25: 20 | B25: P-007 | C25: Parker Lane | D25: 46261 | F25: ALLOC-RND-442 | G25: =IF(OR(E25<>"",F25<>""),"Complete","Pending") -> Complete | H25: =IF(AND(E25<>"",F25<>""),"Review: both entered",IF(OR(E25<>"",F25<>""),"OK","Awaiting response")) -> OK

Sheet Finance Monthly Output
A1: Finance Monthly Output — Stable Original-Style Structure
A3: Green-font fields are linked from Admin Input. This sheet demonstrates how the familiar monthly finance layout stays intact while administrative updates flow into it automatically.
A5: Original Order | B5: Transaction ID | C5: Service Date | D5: Recipient ID | E5: Recipient Name | F5: Service Description | G5: Sample Amount | H5: Home Department | I5: Cost Allocation Code | J5: Allocation Status
A6: ='Admin Input'!A6 -> 1 | B6: ="TX-"&TEXT(A6,"000") -> TX-001 | C6: ='Admin Input'!D6 -> 46237 | D6: ='Admin Input'!B6 -> P-001 | E6: ='Admin Input'!C6 -> Avery Stone | F6: ="Shared transportation service" -> Shared transportation service | G6: 42 | H6: =IF('Admin Input'!E6="","",'Admin Input'!E6) -> Operations | I6: =IF('Admin Input'!F6="","",'Admin Input'!F6) | J6: =IF(OR(H6<>"",I6<>""),"Ready","Awaiting admin input") -> Ready
A7: ='Admin Input'!A7 -> 2 | B7: ="TX-"&TEXT(A7,"000") -> TX-002 | C7: ='Admin Input'!D7 -> 46251 | D7: ='Admin Input'!B7 -> P-001 | E7: ='Admin Input'!C7 -> Avery Stone | F7: ="Shared transportation service" -> Shared transportation service | G7: 58 | H7: =IF('Admin Input'!E7="","",'Admin Input'!E7) -> Operations | I7: =IF('Admin Input'!F7="","",'Admin Input'!F7) | J7: =IF(OR(H7<>"",I7<>""),"Ready","Awaiting admin input") -> Ready
A8: ='Admin Input'!A8 -> 3 | B8: ="TX-"&TEXT(A8,"000") -> TX-003 | C8: ='Admin Input'!D8 -> 46238 | D8: ='Admin Input'!B8 -> P-002 | E8: ='Admin Input'!C8 -> Jordan Vale | F8: ="Shared transportation service" -> Shared transportation service | G8: 35 | H8: =IF('Admin Input'!E8="","",'Admin Input'!E8) | I8: =IF('Admin Input'!F8="","",'Admin Input'!F8) | J8: =IF(OR(H8<>"",I8<>""),"Ready","Awaiting admin input") -> Awaiting admin input
A9: ='Admin Input'!A9 -> 4 | B9: ="TX-"&TEXT(A9,"000") -> TX-004 | C9: ='Admin Input'!D9 -> 46239 | D9: ='Admin Input'!B9 -> P-003 | E9: ='Admin Input'!C9 -> Casey Rowan | F9: ="Shared transportation service" -> Shared transportation service | G9: 74 | H9: =IF('Admin Input'!E9="","",'Admin Input'!E9) | I9: =IF('Admin Input'!F9="","",'Admin Input'!F9) -> ALLOC-FIN-204 | J9: =IF(OR(H9<>"",I9<>""),"Ready","Awaiting admin input") -> Ready
A10: ='Admin Input'!A10 -> 5 | B10: ="TX-"&TEXT(A10,"000") -> TX-005 | C10: ='Admin Input'!D10 -> 46240 | D10: ='Admin Input'!B10 -> P-004 | E10: ='Admin Input'!C10 -> Taylor Quinn | F10: ="Shared transportation service" -> Shared transportation service | G10: 46 | H10: =IF('Admin Input'!E10="","",'Admin Input'!E10) | I10: =IF('Admin Input'!F10="","",'Admin Input'!F10) -> ALLOC-ENG-315 | J10: =IF(OR(H10<>"",I10<>""),"Ready","Awaiting admin input") -> Ready
A11: ='Admin Input'!A11 -> 6 | B11: ="TX-"&TEXT(A11,"000") -> TX-006 | C11: ='Admin Input'!D11 -> 46254 | D11: ='Admin Input'!B11 -> P-004 | E11: ='Admin Input'!C11 -> Taylor Quinn | F11: ="Shared transportation service" -> Shared transportation service | G11: 52 | H11: =IF('Admin Input'!E11="","",'Admin Input'!E11) | I11: =IF('Admin Input'!F11="","",'Admin Input'!F11) -> ALLOC-ENG-315 | J11: =IF(OR(H11<>"",I11<>""),"Ready","Awaiting admin input") -> Ready
A12: ='Admin Input'!A12 -> 7 | B12: ="TX-"&TEXT(A12,"000") -> TX-007 | C12: ='Admin Input'!D12 -> 46241 | D12: ='Admin Input'!B12 -> P-005 | E12: ='Admin Input'!C12 -> Riley Chen | F12: ="Shared transportation service" -> Shared transportation service | G12: 39 | H12: =IF('Admin Input'!E12="","",'Admin Input'!E12) -> Product | I12: =IF('Admin Input'!F12="","",'Admin Input'!F12) | J12: =IF(OR(H12<>"",I12<>""),"Ready","Awaiting admin input") -> Ready
A13: ='Admin Input'!A13 -> 8 | B13: ="TX-"&TEXT(A13,"000") -> TX-008 | C13: ='Admin Input'!D13 -> 46244 | D13: ='Admin Input'!B13 -> P-006 | E13: ='Admin Input'!C13 -> Marlowe Ellis | F13: ="Shared transportation service" -> Shared transportation service | G13: 63 | H13: =IF('Admin Input'!E13="","",'Admin Input'!E13) | I13: =IF('Admin Input'!F13="","",'Admin Input'!F13) | J13: =IF(OR(H13<>"",I13<>""),"Ready","Awaiting admin input") -> Awaiting admin input
A14: ='Admin Input'!A14 -> 9 | B14: ="TX-"&TEXT(A14,"000") -> TX-009 | C14: ='Admin Input'!D14 -> 46258 | D14: ='Admin Input'!B14 -> P-006 | E14: ='Admin Input'!C14 -> Marlowe Ellis | F14: ="Shared transportation service" -> Shared transportation service | G14: 57 | H14: =IF('Admin Input'!E14="","",'Admin Input'!E14) | I14: =IF('Admin Input'!F14="","",'Admin Input'!F14) | J14: =IF(OR(H14<>"",I14<>""),"Ready","Awaiting admin input") -> Awaiting admin input
A15: ='Admin Input'!A15 -> 10 | B15: ="TX-"&TEXT(A15,"000") -> TX-010 | C15: ='Admin Input'!D15 -> 46245 | D15: ='Admin Input'!B15 -> P-007 | E15: ='Admin Input'!C15 -> Parker Lane | F15: ="Shared transportation service" -> Shared transportation service | G15: 41 | H15: =IF('Admin Input'!E15="","",'Admin Input'!E15) | I15: =IF('Admin Input'!F15="","",'Admin Input'!F15) -> ALLOC-RND-442 | J15: =IF(OR(H15<>"",I15<>""),"Ready","Awaiting admin input") -> Ready
A16: ='Admin Input'!A16 -> 11 | B16: ="TX-"&TEXT(A16,"000") -> TX-011 | C16: ='Admin Input'!D16 -> 46246 | D16: ='Admin Input'!B16 -> P-008 | E16: ='Admin Input'!C16 -> Jamie Brooks | F16: ="Shared transportation service" -> Shared transportation service | G16: 68 | H16: =IF('Admin Input'!E16="","",'Admin Input'!E16) -> Engineering | I16: =IF('Admin Input'!F16="","",'Admin Input'!F16) | J16: =IF(OR(H16<>"",I16<>""),"Ready","Awaiting admin input") -> Ready
A17: ='Admin Input'!A17 -> 12 | B17: ="TX-"&TEXT(A17,"000") -> TX-012 | C17: ='Admin Input'!D17 -> 46260 | D17: ='Admin Input'!B17 -> P-008 | E17: ='Admin Input'!C17 -> Jamie Brooks | F17: ="Shared transportation service" -> Shared transportation service | G17: 55 | H17: =IF('Admin Input'!E17="","",'Admin Input'!E17) -> Engineering | I17: =IF('Admin Input'!F17="","",'Admin Input'!F17) | J17: =IF(OR(H17<>"",I17<>""),"Ready","Awaiting admin input") -> Ready
... A25: ='Admin Input'!A25 -> 20 | B25: ="TX-"&TEXT(A25,"000") -> TX-020 | C25: ='Admin Input'!D25 -> 46261 | D25: ='Admin Input'!B25 -> P-007 | E25: ='Admin Input'!C25 -> Parker Lane | F25: ="Shared transportation service" -> Shared transportation service | G25: 59 | H25: =IF('Admin Input'!E25="","",'Admin Input'!E25) | I25: =IF('Admin Input'!F25="","",'Admin Input'!F25) -> ALLOC-RND-442 | J25: =IF(OR(H25<>"",I25<>""),"Ready","Awaiting admin input") -> Ready

Sheet Master Contacts
A1: Master Contacts — Fictional Sample Directory
A3: All entries are fictional. Add or update contacts here; the Admin Dashboard retrieves email addresses from this table.
A5: Recipient ID | B5: Recipient Name | C5: Email Address | D5: Department | E5: Location | F5: Status | G5: Notes
A6: P-001 | B6: Avery Stone | C6: avery.stone@example.com | D6: Operations | E6: North Campus | F6: Active
A7: P-002 | B7: Jordan Vale | D7: Research | E7: Innovation Center | F7: Active | G7: Intentionally blank to demonstrate missing-contact alert
A8: P-003 | B8: Casey Rowan | C8: casey.rowan@example.com | D8: Finance | E8: Central Office | F8: Active
A9: P-004 | B9: Taylor Quinn | C9: taylor.quinn@example.com | D9: Engineering | E9: West Campus | F9: Active
A10: P-005 | B10: Riley Chen | C10: riley.chen@example.com | D10: Product | E10: Central Office | F10: Active
A11: P-006 | B11: Marlowe Ellis | C11: marlowe.ellis@example.com | D11: Operations | E11: North Campus | F11: Active
A12: P-007 | B12: Parker Lane | C12: parker.lane@example.com | D12: Research | E12: Innovation Center | F12: Active
A13: P-008 | B13: Jamie Brooks | C13: jamie.brooks@example.com | D13: Engineering | E13: West Campus | F13: Active
A14: P-009 | B14: Cameron Reed | C14: cameron.reed@example.com | D14: People Services | E14: Central Office | F14: Active
A15: P-010 | B15: Drew Bennett | C15: drew.bennett@example.com | D15: Finance | E15: Central Office | F15: Active
A16: P-011 | B16: Skyler Hayes | C16: skyler.hayes@example.com | D16: Product | E16: North Campus | F16: Active
A17: P-012 | B17: Reese Nolan | C17: reese.nolan@example.com | D17: Operations | E17: West Campus | F17: Active

Sheet Lists
A1: Departments | C1: Contact Status
A2: Operations | C2: Active
A3: Finance | C3: Inactive
A4: Engineering
A5: Product
A6: Research
A7: People Services
